{"cameraMode":{"drawMode":0,"name":"Shaded","section":"Shading Mode"},"sceneLighting":false,"audioPlay":false,"sceneViewState":{"m_AlwaysRefresh":false,"showFog":false,"showSkybox":false,"showFlares":false,"showImageEffects":false,"showParticleSystems":false,"showVisualEffectGraphs":true,"m_FxEnabled":true},"in2DMode":false,"pivot":{"x":-0.010708510875701905,"y":0.9111701250076294,"z":0.09792464971542359},"rotation":{"x":0.23349465429782868,"y":0.4297349750995636,"z":-0.11546086519956589,"w":0.8650330901145935},"size":1.483445405960083,"orthographic":false}