{"cameraMode":{"drawMode":0,"name":"Shaded","section":"Shading Mode"},"sceneLighting":false,"audioPlay":false,"sceneViewState":{"m_AlwaysRefresh":false,"showFog":false,"showSkybox":false,"showFlares":false,"showImageEffects":false,"showParticleSystems":false,"showVisualEffectGraphs":true,"m_FxEnabled":true},"in2DMode":false,"pivot":{"x":-0.29994404315948489,"y":1.7773853540420533,"z":-0.5529482364654541},"rotation":{"x":0.03782816231250763,"y":-0.9604268670082092,"z":0.2235405147075653,"w":0.16430166363716126},"size":2.0263283252716066,"orthographic":false}